{
  "timestamp": "20251015_125735",
  "catboost": {
    "model_file": "catboost_optimized_20251015_125735.pkl",
    "cv_scores": {
      "accuracy": 0.7620498614958449,
      "precision": 0.7733783740078828,
      "recall": 0.8235567132370353,
      "f1": 0.7973240776242561,
      "roc_auc": 0.8292346134838077
    },
    "test_score": 0.8482944974733297,
    "best_params": {
      "random_strength": 1,
      "one_hot_max_size": 5,
      "learning_rate": 0.15,
      "l2_leaf_reg": 3,
      "iterations": 3000,
      "grow_policy": "Depthwise",
      "depth": 10,
      "border_count": 128,
      "bootstrap_type": "MVS",
      "boosting_type": "Plain",
      "bagging_temperature": 1.0
    }
  },
  "lightgbm": {
    "model_file": "lightgbm_optimized_20251015_125735.pkl",
    "cv_scores": {
      "accuracy": 0.7487702973630646,
      "precision": 0.7646464807917948,
      "recall": 0.8070187070802746,
      "f1": 0.7850887771055698,
      "roc_auc": 0.8191477353568292
    },
    "test_score": 0.8517784952274003,
    "best_params": {
      "subsample": 1.0,
      "reg_lambda": 0.01,
      "reg_alpha": 0.1,
      "objective": "binary",
      "num_leaves": 200,
      "n_estimators": 1000,
      "min_child_weight": 0.1,
      "min_child_samples": 10,
      "metric": "auc",
      "max_depth": 40,
      "learning_rate": 0.1,
      "colsample_bytree": 0.9,
      "colsample_bylevel": 1.0,
      "boosting_type": "gbdt"
    }
  },
  "encoder_file": "label_encoder_20251015_125735.pkl",
  "n_classes": 2
}